drop table if exists order_details;
drop table if exists customers;
drop table if exists products;
drop table if exists orders;

CREATE TABLE customers (
    customer_id bpchar NOT NULL,
    company_name character varying(40) NOT NULL,
    contact_name character varying(30),
    contact_title character varying(30),
    address character varying(60),
    city character varying(15),
    region character varying(15),
    postal_code character varying(10),
    country character varying(15),
    phone character varying(24),
    fax character varying(24)
);

CREATE TABLE order_details (
    order_id smallint NOT NULL,
    product_id smallint NOT NULL,
    unit_price real NOT NULL,
    quantity smallint NOT NULL,
    discount real NOT NULL
);

CREATE TABLE orders (
    order_id smallint NOT NULL,
    customer_id bpchar,
    employee_id smallint,
    order_date date,
    required_date date,
    shipped_date date,
    ship_via smallint,
    freight real,
    ship_name character varying(40),
    ship_address character varying(60),
    ship_city character varying(15),
    ship_region character varying(15),
    ship_postal_code character varying(10),
    ship_country character varying(15)
);

CREATE TABLE products (
    product_id smallint NOT NULL,
    product_name character varying(40) NOT NULL,
    supplier_id smallint,
    category_id smallint,
    quantity_per_unit character varying(20),
    unit_price real,
    units_in_stock smallint,
    units_on_order smallint,
    reorder_level smallint,
    discontinued integer NOT NULL
);

INSERT INTO customers VALUES ('ALFKI', 'Alfreds Futterkiste', 'Maria Anders', 'Sales Representative', 'Obere Str. 57', 'Berlin', NULL, '12209', 'Germany', '030-0074321', '030-0076545');
INSERT INTO customers VALUES ('ANATR', 'Ana Trujillo Emparedados y helados', 'Ana Trujillo', 'Owner', 'Avda. de la Constitución 2222', 'México D.F.', NULL, '05021', 'Mexico', '(5) 555-4729', '(5) 555-3745');
INSERT INTO customers VALUES ('ANTON', 'Antonio Moreno Taquería', 'Antonio Moreno', 'Owner', 'Mataderos  2312', 'México D.F.', NULL, '05023', 'Mexico', '(5) 555-3932', NULL);
INSERT INTO customers VALUES ('AROUT', 'Around the Horn', 'Thomas Hardy', 'Sales Representative', '120 Hanover Sq.', 'London', NULL, 'WA1 1DP', 'UK', '(171) 555-7788', '(171) 555-6750');
INSERT INTO customers VALUES ('BERGS', 'Berglunds snabbköp', 'Christina Berglund', 'Order Administrator', 'Berguvsvägen  8', 'Luleå', NULL, 'S-958 22', 'Sweden', '0921-12 34 65', '0921-12 34 67');
INSERT INTO customers VALUES ('BLAUS', 'Blauer See Delikatessen', 'Hanna Moos', 'Sales Representative', 'Forsterstr. 57', 'Mannheim', NULL, '68306', 'Germany', '0621-08460', '0621-08924');
INSERT INTO customers VALUES ('BLONP', 'Blondesddsl père et fils', 'Frédérique Citeaux', 'Marketing Manager', '24, place Kléber', 'Strasbourg', NULL, '67000', 'France', '88.60.15.31', '88.60.15.32');
INSERT INTO customers VALUES ('BOLID', 'Bólido Comidas preparadas', 'Martín Sommer', 'Owner', 'C/ Araquil, 67', 'Madrid', NULL, '28023', 'Spain', '(91) 555 22 82', '(91) 555 91 99');
INSERT INTO customers VALUES ('BONAP', 'Bon app''', 'Laurence Lebihan', 'Owner', '12, rue des Bouchers', 'Marseille', NULL, '13008', 'France', '91.24.45.40', '91.24.45.41');

INSERT INTO order_details VALUES (10248, 11, 14, 12, 0);
INSERT INTO order_details VALUES (10248, 42, 9.80000019, 10, 0);
INSERT INTO order_details VALUES (10248, 72, 34.7999992, 5, 0);
INSERT INTO order_details VALUES (10249, 14, 18.6000004, 9, 0);
INSERT INTO order_details VALUES (10249, 51, 42.4000015, 40, 0);
INSERT INTO order_details VALUES (10250, 41, 7.69999981, 10, 0);
INSERT INTO order_details VALUES (10250, 51, 42.4000015, 35, 0.150000006);
INSERT INTO order_details VALUES (10250, 65, 16.7999992, 15, 0.150000006);
INSERT INTO order_details VALUES (10251, 22, 16.7999992, 6, 0.0500000007);
INSERT INTO order_details VALUES (10251, 57, 15.6000004, 15, 0.0500000007);
INSERT INTO order_details VALUES (10251, 65, 16.7999992, 20, 0);
INSERT INTO order_details VALUES (10252, 20, 64.8000031, 40, 0.0500000007);
INSERT INTO order_details VALUES (10252, 33, 2, 25, 0.0500000007);

INSERT INTO orders VALUES (10248, 'VINET', 5, '1996-07-04', '1996-08-01', '1996-07-16', 3, 32.3800011, 'Vins et alcools Chevalier', '59 rue de l''Abbaye', 'Reims', NULL, '51100', 'France');
INSERT INTO orders VALUES (10249, 'TOMSP', 6, '1996-07-05', '1996-08-16', '1996-07-10', 1, 11.6099997, 'Toms Spezialitäten', 'Luisenstr. 48', 'Münster', NULL, '44087', 'Germany');
INSERT INTO orders VALUES (10250, 'HANAR', 4, '1996-07-08', '1996-08-05', '1996-07-12', 2, 65.8300018, 'Hanari Carnes', 'Rua do Paço, 67', 'Rio de Janeiro', 'RJ', '05454-876', 'Brazil');
INSERT INTO orders VALUES (10251, 'VICTE', 3, '1996-07-08', '1996-08-05', '1996-07-15', 1, 41.3400002, 'Victuailles en stock', '2, rue du Commerce', 'Lyon', NULL, '69004', 'France');
INSERT INTO orders VALUES (10252, 'SUPRD', 4, '1996-07-09', '1996-08-06', '1996-07-11', 2, 51.2999992, 'Suprêmes délices', 'Boulevard Tirou, 255', 'Charleroi', NULL, 'B-6000', 'Belgium');
INSERT INTO orders VALUES (10253, 'HANAR', 3, '1996-07-10', '1996-07-24', '1996-07-16', 2, 58.1699982, 'Hanari Carnes', 'Rua do Paço, 67', 'Rio de Janeiro', 'RJ', '05454-876', 'Brazil');
INSERT INTO orders VALUES (10254, 'CHOPS', 5, '1996-07-11', '1996-08-08', '1996-07-23', 2, 22.9799995, 'Chop-suey Chinese', 'Hauptstr. 31', 'Bern', NULL, '3012', 'Switzerland');
INSERT INTO orders VALUES (10255, 'RICSU', 9, '1996-07-12', '1996-08-09', '1996-07-15', 3, 148.330002, 'Richter Supermarkt', 'Starenweg 5', 'Genève', NULL, '1204', 'Switzerland');
INSERT INTO orders VALUES (10256, 'WELLI', 3, '1996-07-15', '1996-08-12', '1996-07-17', 2, 13.9700003, 'Wellington Importadora', 'Rua do Mercado, 12', 'Resende', 'SP', '08737-363', 'Brazil');
INSERT INTO orders VALUES (10257, 'HILAA', 4, '1996-07-16', '1996-08-13', '1996-07-22', 3, 81.9100037, 'HILARION-Abastos', 'Carrera 22 con Ave. Carlos Soublette #8-35', 'San Cristóbal', 'Táchira', '5022', 'Venezuela');
INSERT INTO orders VALUES (10258, 'ERNSH', 1, '1996-07-17', '1996-08-14', '1996-07-23', 1, 140.509995, 'Ernst Handel', 'Kirchgasse 6', 'Graz', NULL, '8010', 'Austria');

INSERT INTO products VALUES (1, 'Chai', 8, 1, '10 boxes x 30 bags', 18, 39, 0, 10, 1);
INSERT INTO products VALUES (2, 'Chang', 1, 1, '24 - 12 oz bottles', 19, 17, 40, 25, 1);
INSERT INTO products VALUES (3, 'Aniseed Syrup', 1, 2, '12 - 550 ml bottles', 10, 13, 70, 25, 0);
INSERT INTO products VALUES (4, 'Chef Anton''s Cajun Seasoning', 2, 2, '48 - 6 oz jars', 22, 53, 0, 0, 0);
INSERT INTO products VALUES (5, 'Chef Anton''s Gumbo Mix', 2, 2, '36 boxes', 21.3500004, 0, 0, 0, 1);
INSERT INTO products VALUES (6, 'Grandma''s Boysenberry Spread', 3, 2, '12 - 8 oz jars', 25, 120, 0, 25, 0);
INSERT INTO products VALUES (7, 'Uncle Bob''s Organic Dried Pears', 3, 7, '12 - 1 lb pkgs.', 30, 15, 0, 10, 0);
INSERT INTO products VALUES (8, 'Northwoods Cranberry Sauce', 3, 2, '12 - 12 oz jars', 40, 6, 0, 0, 0);
INSERT INTO products VALUES (9, 'Mishi Kobe Niku', 4, 6, '18 - 500 g pkgs.', 97, 29, 0, 0, 1);
INSERT INTO products VALUES (10, 'Ikura', 4, 8, '12 - 200 ml jars', 31, 31, 0, 0, 0);
INSERT INTO products VALUES (11, 'Queso Cabrales', 5, 4, '1 kg pkg.', 21, 22, 30, 30, 0);
INSERT INTO products VALUES (12, 'Queso Manchego La Pastora', 5, 4, '10 - 500 g pkgs.', 38, 86, 0, 0, 0);
INSERT INTO products VALUES (13, 'Konbu', 6, 8, '2 kg box', 6, 24, 0, 5, 0);
INSERT INTO products VALUES (14, 'Tofu', 6, 7, '40 - 100 g pkgs.', 23.25, 35, 0, 0, 0);
INSERT INTO products VALUES (15, 'Genen Shouyu', 6, 2, '24 - 250 ml bottles', 13, 39, 0, 5, 0);

alter table only customers
	add constraint pk_customers primary key (customer_id);
	
alter table only order_details
	add constraint pk_order_details primary key (order_id, product_id);

alter table only orders
	add constraint pk_orders primary key (order_id);
	
ALTER TABLE ONLY products
    ADD CONSTRAINT pk_products PRIMARY KEY (product_id);

alter table only orders
	add constraint fk_orders_customers foreign key (customer_id) references customers;

alter table only order_details
	add constraint fk_order_details_product foreign key (product_id) references products; 

ALTER TABLE ONLY order_details
    ADD CONSTRAINT fk_order_details_orders FOREIGN KEY (order_id) REFERENCES orders;
   
   

